Datum;Tag;Uhrzeit;Heimteam;Auswärtsteam;HZ-Ergebnis;Endergebnis;Ereignis;1;X;2
64.KHW
11/08/17;Fr.;20:45;Arsenal;Leicester;2:2;4:3;;1.52;4.52;6.20
12/08/17;Sa.;13:30;Watford;Liverpool;2:1;3:3;;6.20;4.19;1.56
12/08/17;Sa.;16:00;Southampton;Swansea;0:0;0:0;;1.57;4.09;6.24
12/08/17;Sa.;16:00;Chelsea;Burnley;0:3;2:3;;1.30;5.55;11.03
12/08/17;Sa.;16:00;Crystal Palace;Huddersfield;0:2;0:3;;1.84;3.57;4.64
12/08/17;Sa.;16:00;Everton;Stoke;1:0;1:0;;1.80;3.56;4.90
12/08/17;Sa.;16:00;West Bromwich;Bournemouth;1:0;1:0;;2.56;3.19;2.97
12/08/17;Sa.;18:30;Brighton;Man City;0:0;0:2;;9.63;5.76;1.31
13/08/17;So.;14:30;Newcastle;Tottenham;0:0;0:2;;4.57;3.83;1.79
13/08/17;So.;17:00;Man Utd;West Ham;1:0;4:0;;1.30;5.57;10.63
66.KHW
19/08/17;Sa.;13:30;Swansea;Man Utd;0:1;0:4;;9.91;5.17;1.34
19/08/17;Sa.;16:00;Liverpool;Crystal Palace;0:0;1:0;;1.39;5.11;8.09
19/08/17;Sa.;16:00;Bournemouth;Watford;0:0;0:2;;2.04;3.54;3.72
19/08/17;Sa.;16:00;Leicester;Brighton;1:0;2:0;;1.73;3.69;5.24
19/08/17;Sa.;16:00;Burnley;West Bromwich;0:0;0:1;;2.65;3.02;3.02
19/08/17;Sa.;16:00;Southampton;West Ham;2:1;3:2;;1.68;3.96;5.17
19/08/17;Sa.;18:30;Stoke;Arsenal;0:0;1:0;;4.16;3.86;1.85
20/08/17;So.;14:30;Huddersfield;Newcastle;0:0;1:0;;2.79;3.15;2.75
20/08/17;So.;17:00;Tottenham;Chelsea;0:1;1:2;;2.15;3.38;3.60
21/08/17;Mo.;21:00;Man City;Everton;0:1;1:1;;1.29;5.81;11.04
68.KHW
26/08/17;Sa.;13:30;Bournemouth;Man City;1:1;1:2;;10.39;6.33;1.27
26/08/17;Sa.;16:00;Watford;Brighton;0:0;0:0;;2.16;3.25;3.71
26/08/17;Sa.;16:00;Huddersfield;Southampton;0:0;0:0;;4.06;3.45;1.98
26/08/17;Sa.;16:00;Crystal Palace;Swansea;0:1;0:2;;2.05;3.32;3.98
26/08/17;Sa.;16:00;Newcastle;West Ham;1:0;3:0;;2.32;3.35;3.23
26/08/17;Sa.;18:30;Man Utd;Leicester;0:0;2:0;;1.32;5.58;9.62
27/08/17;So.;14:30;West Bromwich;Stoke;0:0;1:1;;2.56;3.14;3.02
27/08/17;So.;14:30;Chelsea;Everton;2:0;2:0;;1.52;4.33;6.61
27/08/17;So.;17:00;Tottenham;Burnley;0:0;1:1;;1.20;7.08;15.78
27/08/17;So.;17:00;Liverpool;Arsenal;2:0;4:0;;2.15;3.73;3.27
72.KHW
09/09/17;Sa.;13:30;Man City;Liverpool;2:0;5:0;;1.89;3.91;3.94
09/09/17;Sa.;16:00;Southampton;Watford;0:1;0:2;;1.66;3.91;5.50
09/09/17;Sa.;16:00;Arsenal;Bournemouth;2:0;3:0;;1.31;6.16;8.95
09/09/17;Sa.;16:00;Everton;Tottenham;0:2;0:3;;3.96;3.46;2.01
09/09/17;Sa.;16:00;Brighton;West Bromwich;1:0;3:1;;2.67;3.01;3.00
09/09/17;Sa.;16:00;Leicester;Chelsea;0:1;1:2;;4.53;3.80;1.80
09/09/17;Sa.;18:30;Stoke;Man Utd;1:1;2:2;;7.15;4.27;1.50
10/09/17;So.;14:30;Burnley;Crystal Palace;1:0;1:0;;2.18;3.27;3.62
10/09/17;So.;17:00;Swansea;Newcastle;0:0;0:1;;2.46;3.18;3.13
11/09/17;Mo.;21:00;West Ham;Huddersfield;0:0;2:0;;2.04;3.39;3.92
74.KHW
15/09/17;Fr.;21:00;Bournemouth;Brighton;0:0;2:1;;2.11;3.40;3.69
16/09/17;Sa.;13:30;Crystal Palace;Southampton;0:1;0:1;;2.86;3.17;2.66
16/09/17;Sa.;16:00;Liverpool;Burnley;1:1;1:1;;1.25;6.33;11.87
16/09/17;Sa.;16:00;Newcastle;Stoke;1:0;2:1;;2.14;3.34;3.66
16/09/17;Sa.;16:00;West Bromwich;West Ham;0:0;0:0;;2.30;3.25;3.35
16/09/17;Sa.;16:00;Watford;Man City;0:3;0:6;;9.49;5.73;1.32
16/09/17;Sa.;16:00;Huddersfield;Leicester;0:0;1:1;;3.45;3.31;2.23
16/09/17;Sa.;18:30;Tottenham;Swansea;0:0;0:0;;1.20;7.18;14.33
17/09/17;So.;14:30;Chelsea;Arsenal;0:0;0:0;;1.76;4.00;4.51
17/09/17;So.;17:00;Man Utd;Everton;1:0;4:0;;1.36;5.07;9.43
76.KHW
23/09/17;Sa.;13:30;West Ham;Tottenham;0:2;2:3;;5.54;4.29;1.60
23/09/17;Sa.;16:00;Man City;Crystal Palace;1:0;5:0;;1.13;9.38;21.78
23/09/17;Sa.;16:00;Everton;Bournemouth;0:0;2:1;;1.73;3.77;5.09
23/09/17;Sa.;16:00;Southampton;Man Utd;0:1;0:1;;4.59;3.59;1.84
23/09/17;Sa.;16:00;Swansea;Watford;0:1;1:2;;2.36;3.21;3.28
23/09/17;Sa.;16:00;Burnley;Huddersfield;0:0;0:0;;2.38;3.14;3.33
23/09/17;Sa.;16:00;Stoke;Chelsea;0:2;0:4;;6.42;4.40;1.52
23/09/17;Sa.;18:30;Leicester;Liverpool;1:2;2:3;;4.35;4.04;1.78
24/09/17;So.;17:00;Brighton;Newcastle;0:0;1:0;;2.82;3.12;2.74
25/09/17;Mo.;21:00;Arsenal;West Bromwich;1:0;2:0;;1.33;5.38;9.84
78.KHW
30/09/17;Sa.;13:30;Huddersfield;Tottenham;0:3;0:4;;8.44;4.60;1.42
30/09/17;Sa.;16:00;Man Utd;Crystal Palace;2:0;4:0;;1.20;6.89;15.96
30/09/17;Sa.;16:00;West Bromwich;Watford;2:1;2:2;;2.15;3.27;3.72
30/09/17;Sa.;16:00;Bournemouth;Leicester;0:0;0:0;;2.57;3.45;2.78
30/09/17;Sa.;16:00;West Ham;Swansea;0:0;1:0;;1.83;3.62;4.62
30/09/17;Sa.;16:00;Stoke;Southampton;1:0;2:1;;2.88;3.28;2.58
30/09/17;Sa.;18:30;Chelsea;Man City;0:0;0:1;;2.69;3.47;2.63
01/10/17;So.;13:00;Arsenal;Brighton;1:0;2:0;;1.25;6.21;12.38
01/10/17;So.;15:15;Everton;Burnley;0:1;0:1;;1.73;3.68;5.29
01/10/17;So.;17:30;Newcastle;Liverpool;1:1;1:1;;4.72;4.08;1.72
82.KHW
14/10/17;Sa.;13:30;Liverpool;Man Utd;0:0;0:0;;2.70;3.22;2.79
14/10/17;Sa.;16:00;Crystal Palace;Chelsea;2:1;2:1;;7.10;4.46;1.48
14/10/17;Sa.;16:00;Man City;Stoke;3:1;7:2;;1.12;9.89;20.72
14/10/17;Sa.;16:00;Burnley;West Ham;0:1;1:1;;3.04;3.19;2.52
14/10/17;Sa.;16:00;Tottenham;Bournemouth;0:0;1:0;;1.25;6.65;11.03
14/10/17;Sa.;16:00;Swansea;Huddersfield;1:0;2:0;;2.03;3.28;4.14
14/10/17;Sa.;18:30;Watford;Arsenal;0:1;2:1;;4.59;4.04;1.74
15/10/17;So.;14:30;Brighton;Everton;0:0;1:1;;3.15;3.09;2.51
15/10/17;So.;17:00;Southampton;Newcastle;0:1;2:2;;1.89;3.47;4.51
16/10/17;Mo.;21:00;Leicester;West Bromwich;0:0;1:1;;1.96;3.42;4.21
84.KHW
20/10/17;Fr.;21:00;West Ham;Brighton;0:2;0:3;;1.78;3.49;5.19
21/10/17;Sa.;13:30;Chelsea;Watford;1:1;4:2;;1.37;5.26;8.23
21/10/17;Sa.;16:00;Newcastle;Crystal Palace;0:0;1:0;;1.86;3.59;4.45
21/10/17;Sa.;16:00;Stoke;Bournemouth;0:2;1:2;;2.14;3.48;3.51
21/10/17;Sa.;16:00;Man City;Burnley;1:0;3:0;;1.11;10.38;22.50
21/10/17;Sa.;16:00;Huddersfield;Man Utd;2:0;2:1;;8.71;4.69;1.41
21/10/17;Sa.;16:00;Swansea;Leicester;0:1;1:2;;2.81;3.22;2.68
21/10/17;Sa.;18:30;Southampton;West Bromwich;0:0;1:0;;1.87;3.30;4.93
22/10/17;So.;14:30;Everton;Arsenal;1:1;2:5;;4.35;3.87;1.81
22/10/17;So.;17:00;Tottenham;Liverpool;3:1;4:1;;2.19;3.65;3.23
86.KHW
28/10/17;Sa.;13:30;Man Utd;Tottenham;0:0;1:0;;2.08;3.33;3.86
28/10/17;Sa.;16:00;West Bromwich;Man City;1:2;2:3;;11.55;5.92;1.27
28/10/17;Sa.;16:00;Liverpool;Huddersfield;0:0;3:0;;1.24;6.45;12.94
28/10/17;Sa.;16:00;Crystal Palace;West Ham;0:2;2:2;;2.52;3.15;3.06
28/10/17;Sa.;16:00;Arsenal;Swansea;0:1;2:1;;1.19;7.52;14.35
28/10/17;Sa.;16:00;Watford;Stoke;0:1;0:1;;1.99;3.57;3.87
28/10/17;Sa.;18:30;Bournemouth;Chelsea;0:0;0:1;;5.47;4.36;1.59
29/10/17;So.;14:30;Brighton;Southampton;0:1;1:1;;3.42;3.12;2.34
29/10/17;So.;17:00;Leicester;Everton;2:0;2:0;;2.02;3.50;3.85
30/10/17;Mo.;21:00;Burnley;Newcastle;0:0;1:0;;3.18;3.04;2.52
88.KHW
04/11/17;Sa.;13:30;Stoke;Leicester;1:1;2:2;;2.56;3.33;2.87
04/11/17;Sa.;16:00;Newcastle;Bournemouth;0:0;0:1;;1.80;3.67;4.70
04/11/17;Sa.;16:00;Swansea;Brighton;0:1;0:1;;2.54;3.05;3.14
04/11/17;Sa.;16:00;Southampton;Burnley;0:0;0:1;;1.64;3.75;6.11
04/11/17;Sa.;16:00;Huddersfield;West Bromwich;1:0;1:0;;2.89;2.89;2.87
04/11/17;Sa.;18:30;West Ham;Liverpool;0:2;1:4;;5.94;4.49;1.54
05/11/17;So.;13:00;Tottenham;Crystal Palace;0:0;1:0;;1.36;5.47;8.07
05/11/17;So.;15:15;Man City;Arsenal;1:0;3:1;;1.39;5.56;7.01
05/11/17;So.;17:30;Chelsea;Man Utd;0:0;1:0;;2.52;3.15;3.07
05/11/17;So.;17:30;Everton;Watford;0:0;3:2;;2.22;3.37;3.42
92.KHW
18/11/17;Sa.;13:30;Arsenal;Tottenham;2:0;2:0;;2.52;3.41;2.86
18/11/17;Sa.;16:00;Leicester;Man City;0:1;0:2;;7.44;5.69;1.37
18/11/17;Sa.;16:00;Liverpool;Southampton;2:0;3:0;;1.44;4.89;7.09
18/11/17;Sa.;16:00;Bournemouth;Huddersfield;2:0;4:0;;1.77;3.62;5.01
18/11/17;Sa.;16:00;Burnley;Swansea;2:0;2:0;;2.35;2.99;3.58
18/11/17;Sa.;16:00;West Bromwich;Chelsea;0:3;0:4;;6.71;4.09;1.55
18/11/17;Sa.;16:00;Crystal Palace;Everton;2:2;2:2;;2.22;3.22;3.59
18/11/17;Sa.;18:30;Man Utd;Newcastle;2:1;4:1;;1.28;5.66;11.83
19/11/17;So.;17:00;Watford;West Ham;1:0;2:0;;2.28;3.25;3.41
20/11/17;Mo.;21:00;Brighton;Stoke;1:2;2:2;;2.37;3.13;3.35
94.KHW
24/11/17;Fr.;21:00;West Ham;Leicester;1:1;1:1;;2.80;3.24;2.67
25/11/17;Sa.;16:00;Crystal Palace;Stoke;0:0;2:1;;1.93;3.58;4.14
25/11/17;Sa.;16:00;Newcastle;Watford;0:2;0:3;;2.34;3.38;3.16
25/11/17;Sa.;16:00;Swansea;Bournemouth;0:0;0:0;;2.94;3.19;2.59
25/11/17;Sa.;16:00;Man Utd;Brighton;0:0;1:0;;1.19;6.93;18.30
25/11/17;Sa.;16:00;Tottenham;West Bromwich;0:1;1:1;;1.24;6.29;13.04
25/11/17;Sa.;18:30;Liverpool;Chelsea;0:0;1:1;;2.13;3.65;3.36
26/11/17;So.;14:30;Southampton;Everton;1:1;4:1;;1.81;3.62;4.74
26/11/17;So.;15:00;Burnley;Arsenal;0:0;0:1;;5.68;4.13;1.61
26/11/17;So.;17:00;Huddersfield;Man City;1:0;1:2;;17.34;7.78;1.17
95.KHW
28/11/17;Di.;20:45;Brighton;Crystal Palace;0:0;0:0;;2.65;3.06;2.98
28/11/17;Di.;20:45;Leicester;Tottenham;2:0;2:1;;4.91;3.77;1.75
28/11/17;Di.;21:00;Watford;Man Utd;0:3;2:4;;4.80;3.76;1.77
28/11/17;Di.;21:00;West Bromwich;Newcastle;1:0;2:2;;2.40;3.08;3.35
29/11/17;Mi.;20:45;Arsenal;Huddersfield;1:0;5:0;;1.18;7.42;16.54
29/11/17;Mi.;20:45;Bournemouth;Burnley;0:1;1:2;;2.19;3.20;3.68
29/11/17;Mi.;20:45;Chelsea;Swansea;0:0;1:0;;1.20;7.04;16.34
29/11/17;Mi.;21:00;Everton;West Ham;2:0;4:0;;2.46;3.25;3.06
29/11/17;Mi.;21:00;Man City;Southampton;0:0;2:1;;1.26;6.27;11.81
29/11/17;Mi.;21:00;Stoke;Liverpool;0:1;0:3;;5.90;4.42;1.55
96.KHW
02/12/17;Sa.;13:30;Chelsea;Newcastle;2:1;3:1;;1.24;6.35;13.40
02/12/17;Sa.;16:00;Brighton;Liverpool;0:2;1:5;;6.42;4.31;1.53
02/12/17;Sa.;16:00;Stoke;Swansea;2:1;2:1;;1.80;3.67;4.72
02/12/17;Sa.;16:00;Leicester;Burnley;1:0;1:0;;2.04;3.31;4.02
02/12/17;Sa.;16:00;West Bromwich;Crystal Palace;0:0;0:0;;2.67;3.07;2.95
02/12/17;Sa.;16:00;Watford;Tottenham;1:1;1:1;;5.05;4.30;1.64
02/12/17;Sa.;16:00;Everton;Huddersfield;0:0;2:0;;1.85;3.48;4.68
02/12/17;Sa.;18:30;Arsenal;Man Utd;0:2;1:3;;2.31;3.39;3.21
03/12/17;So.;14:30;Bournemouth;Southampton;1:0;1:1;;3.37;3.27;2.29
03/12/17;So.;17:00;Man City;West Ham;0:1;2:1;;1.11;10.37;22.63
98.KHW
09/12/17;Sa.;13:30;West Ham;Chelsea;1:0;1:0;;6.93;4.51;1.48
09/12/17;Sa.;16:00;Crystal Palace;Bournemouth;2:2;2:2;;1.90;3.63;4.17
09/12/17;Sa.;16:00;Swansea;West Bromwich;0:0;1:0;;2.78;2.94;2.94
09/12/17;Sa.;16:00;Burnley;Watford;1:0;1:0;;2.78;3.16;2.75
09/12/17;Sa.;16:00;Huddersfield;Brighton;2:0;2:0;;2.68;2.85;3.16
09/12/17;Sa.;16:00;Tottenham;Stoke;1:0;5:1;;1.28;5.94;10.87
09/12/17;Sa.;18:30;Newcastle;Leicester;1:1;2:3;;2.56;3.30;2.89
10/12/17;So.;13:00;Southampton;Arsenal;1:0;1:1;;4.09;3.81;1.88
10/12/17;So.;15:15;Liverpool;Everton;1:0;1:1;;1.33;5.29;10.08
10/12/17;So.;17:30;Man Utd;Man City;1:1;1:2;;3.26;3.58;2.20
99.KHW
12/12/17;Di.;20:45;Burnley;Stoke;0:0;1:0;;2.35;3.17;3.35
12/12/17;Di.;21:00;Huddersfield;Chelsea;0:2;1:3;;8.16;4.48;1.44
12/12/17;Di.;21:00;Crystal Palace;Watford;0:1;2:1;;2.24;3.54;3.21
13/12/17;Mi.;20:45;Swansea;Man City;0:2;0:4;;13.03;6.51;1.24
13/12/17;Mi.;20:45;Newcastle;Everton;0:1;0:1;;2.16;3.29;3.66
13/12/17;Mi.;20:45;Southampton;Leicester;0:3;1:4;;1.91;3.57;4.25
13/12/17;Mi.;21:00;West Ham;Arsenal;0:0;0:0;;4.99;4.16;1.67
13/12/17;Mi.;21:00;Tottenham;Brighton;1:0;2:0;;1.20;6.98;16.34
13/12/17;Mi.;21:00;Liverpool;West Bromwich;0:0;0:0;;1.20;7.30;15.12
13/12/17;Mi.;21:00;Man Utd;Bournemouth;1:0;1:0;;1.29;5.97;10.43
100.KHW
16/12/17;Sa.;13:30;Leicester;Crystal Palace;0:2;0:3;;1.75;3.83;4.81
16/12/17;Sa.;16:00;Brighton;Burnley;0:0;0:0;;2.45;2.88;3.51
16/12/17;Sa.;16:00;Watford;Huddersfield;0:2;1:4;;1.72;3.75;5.25
16/12/17;Sa.;16:00;Arsenal;Newcastle;1:0;1:0;;1.25;6.50;11.62
16/12/17;Sa.;16:00;Chelsea;Southampton;1:0;1:0;;1.42;4.82;7.79
16/12/17;Sa.;17:00;Stoke;West Ham;0:1;0:3;;2.42;3.23;3.15
16/12/17;Sa.;18:30;Man City;Tottenham;1:0;4:1;;1.65;4.36;4.93
17/12/17;So.;15:15;West Bromwich;Man Utd;0:2;1:2;;5.65;3.69;1.69
17/12/17;So.;17:30;Bournemouth;Liverpool;0:3;0:4;;6.87;5.16;1.43
18/12/17;Mo.;21:00;Everton;Swansea;1:1;3:1;;1.79;3.47;5.15
102.KHW
22/12/17;Fr.;20:45;Arsenal;Liverpool;0:1;3:3;;2.58;3.60;2.67
23/12/17;Sa.;13:30;Everton;Chelsea;0:0;0:0;;6.63;4.05;1.56
23/12/17;Sa.;16:00;Stoke;West Bromwich;2:0;3:1;;2.34;3.13;3.42
23/12/17;Sa.;16:00;Man City;Bournemouth;1:0;4:0;;1.08;12.42;29.03
23/12/17;Sa.;16:00;Southampton;Huddersfield;1:0;1:1;;1.67;3.77;5.73
23/12/17;Sa.;16:00;Swansea;Crystal Palace;0:0;1:1;;3.32;3.17;2.36
23/12/17;Sa.;16:00;West Ham;Newcastle;1:1;2:3;;1.95;3.38;4.33
23/12/17;Sa.;16:00;Brighton;Watford;0:0;1:0;;2.65;3.20;2.85
23/12/17;Sa.;18:30;Burnley;Tottenham;0:1;0:3;;6.60;4.18;1.54
23/12/17;Sa.;20:45;Leicester;Man Utd;1:1;2:2;;4.08;3.63;1.93
103.KHW
26/12/17;Di.;13:30;Tottenham;Southampton;2:0;5:2;;1.34;5.27;9.63
26/12/17;Di.;16:00;Man Utd;Burnley;0:2;2:2;;1.28;5.68;12.36
26/12/17;Di.;16:00;Watford;Leicester;1:1;2:1;;2.60;3.46;2.73
26/12/17;Di.;16:00;Bournemouth;West Ham;1:1;3:3;;2.52;3.17;3.05
26/12/17;Di.;16:00;West Bromwich;Everton;0:0;0:0;;2.23;3.07;3.77
26/12/17;Di.;16:00;Huddersfield;Stoke;1:0;1:1;;2.31;3.18;3.42
26/12/17;Di.;16:00;Chelsea;Brighton;0:0;2:0;;1.16;7.52;21.67
26/12/17;Di.;18:30;Liverpool;Swansea;1:0;5:0;;1.14;9.07;20.02
27/12/17;Mi.;20:45;Newcastle;Man City;0:1;0:1;;11.24;6.38;1.26
28/12/17;Do.;21:00;Crystal Palace;Arsenal;0:1;2:3;;4.58;4.19;1.72
104.KHW
30/12/17;Sa.;16:00;Newcastle;Brighton;0:0;0:0;;2.10;3.21;3.95
30/12/17;Sa.;16:00;Liverpool;Leicester;0:1;2:1;;1.25;6.87;10.75
30/12/17;Sa.;16:00;Huddersfield;Burnley;0:0;0:0;;2.38;2.98;3.52
30/12/17;Sa.;16:00;Watford;Swansea;1:0;1:2;;1.83;3.55;4.74
30/12/17;Sa.;16:00;Chelsea;Stoke;3:0;5:0;;1.13;9.07;21.99
30/12/17;Sa.;16:00;Bournemouth;Everton;1:0;2:1;;2.35;3.18;3.33
30/12/17;Sa.;18:30;Man Utd;Southampton;0:0;0:0;;1.34;5.27;9.43
31/12/17;So.;13:00;Crystal Palace;Man City;0:0;0:0;;8.23;5.80;1.34
31/12/17;So.;17:30;West Bromwich;Arsenal;0:0;1:1;;5.46;4.15;1.62
01/01/18;Mo.;13:30;Brighton;Bournemouth;1:1;2:2;;2.39;3.11;3.34
01/01/18;Mo.;16:00;Stoke;Newcastle;0:0;0:1;;2.27;3.33;3.36
01/01/18;Mo.;16:00;Leicester;Huddersfield;0:0;3:0;;1.83;3.53;4.76
01/01/18;Mo.;16:00;Burnley;Liverpool;0:0;1:2;;5.66;3.81;1.67
01/01/18;Mo.;18:30;Everton;Man Utd;0:0;0:2;;5.62;3.62;1.71
1.KHW
02/01/18;Di.;20:45;Southampton;Crystal Palace;1:0;1:2;;2.07;3.36;3.86
02/01/18;Di.;20:45;West Ham;West Bromwich;0:1;2:1;;2.12;3.11;4.04
02/01/18;Di.;20:45;Swansea;Tottenham;0:1;0:2;;6.97;4.37;1.50
02/01/18;Di.;21:00;Man City;Watford;2:0;3:1;;1.13;9.54;20.14
03/01/18;Mi.;20:45;Arsenal;Chelsea;0:0;2:2;;3.16;3.44;2.31
04/01/18;Do.;21:00;Tottenham;West Ham;0:0;1:1;;1.30;5.82;10.22
4.KHW
13/01/18;Sa.;16:00;Crystal Palace;Burnley;1:0;1:0;;2.16;3.18;3.81
13/01/18;Sa.;16:00;West Bromwich;Brighton;1:0;2:0;;2.15;3.04;4.08
13/01/18;Sa.;16:00;Newcastle;Swansea;0:0;1:1;;1.73;3.58;5.52
13/01/18;Sa.;16:00;Huddersfield;West Ham;1:1;1:4;;2.87;3.08;2.73
13/01/18;Sa.;16:00;Watford;Southampton;0:2;2:2;;2.67;3.37;2.71
13/01/18;Sa.;16:00;Chelsea;Leicester;0:0;0:0;;1.31;5.64;10.05
13/01/18;Sa.;18:30;Tottenham;Everton;1:0;4:0;;1.26;6.04;12.32
14/01/18;So.;14:30;Bournemouth;Arsenal;0:0;2:1;;3.60;3.67;2.04
14/01/18;So.;17:00;Liverpool;Man City;1:1;4:3;;3.05;3.65;2.28
15/01/18;Mo.;21:00;Man Utd;Stoke;2:0;3:0;;1.20;7.12;14.65
6.KHW
20/01/18;Sa.;13:30;Brighton;Chelsea;0:2;0:4;;6.45;3.79;1.61
20/01/18;Sa.;16:00;Everton;West Bromwich;0:1;1:1;;2.50;2.91;3.37
20/01/18;Sa.;16:00;Leicester;Watford;1:0;2:0;;1.76;3.83;4.73
20/01/18;Sa.;16:00;Arsenal;Crystal Palace;4:0;4:1;;1.47;4.65;7.00
20/01/18;Sa.;16:00;Stoke;Huddersfield;0:0;2:0;;2.00;3.41;4.03
20/01/18;Sa.;16:00;Burnley;Man Utd;0:0;0:1;;6.92;3.96;1.56
20/01/18;Sa.;16:00;West Ham;Bournemouth;0:0;1:1;;2.33;3.39;3.16
20/01/18;Sa.;18:30;Man City;Newcastle;1:0;3:1;;1.12;9.36;22.46
21/01/18;So.;17:00;Southampton;Tottenham;1:1;1:1;;4.25;3.78;1.85
22/01/18;Mo.;21:00;Swansea;Liverpool;1:0;1:0;;9.77;5.63;1.31
9.KHW
30/01/18;Di.;20:45;West Ham;Crystal Palace;1:1;1:1;;3.02;3.19;2.53
30/01/18;Di.;20:45;Swansea;Arsenal;1:1;3:1;;6.42;4.32;1.53
30/01/18;Di.;21:00;Huddersfield;Liverpool;0:2;0:3;;9.53;5.46;1.33
31/01/18;Mi.;20:45;Newcastle;Burnley;0:0;1:1;;2.20;3.10;3.81
31/01/18;Mi.;20:45;Chelsea;Bournemouth;0:0;0:3;;1.39;4.98;8.54
31/01/18;Mi.;20:45;Everton;Leicester;2:0;2:1;;2.71;3.13;2.85
31/01/18;Mi.;20:45;Southampton;Brighton;0:1;1:1;;1.82;3.43;5.00
31/01/18;Mi.;21:00;Man City;West Bromwich;1:0;3:0;;1.15;8.52;18.21
31/01/18;Mi.;21:00;Stoke;Watford;0:0;0:0;;2.13;3.46;3.54
31/01/18;Mi.;21:00;Tottenham;Man Utd;2:0;2:0;;2.38;3.39;3.07
10.KHW
03/02/18;Sa.;13:30;Burnley;Man City;0:1;1:1;;10.80;5.61;1.30
03/02/18;Sa.;16:00;Brighton;West Ham;1:1;3:1;;2.24;3.06;3.77
03/02/18;Sa.;16:00;Bournemouth;Stoke;0:1;2:1;;1.90;3.63;4.21
03/02/18;Sa.;16:00;Leicester;Swansea;1:0;1:1;;1.84;3.47;4.77
03/02/18;Sa.;16:00;Man Utd;Huddersfield;0:0;2:0;;1.23;6.31;14.22
03/02/18;Sa.;16:00;West Bromwich;Southampton;1:2;2:3;;2.85;3.08;2.74
03/02/18;Sa.;18:30;Arsenal;Everton;4:0;5:1;;1.36;5.30;8.47
04/02/18;So.;15:15;Crystal Palace;Newcastle;0:1;1:1;;2.04;3.37;3.95
04/02/18;So.;17:30;Liverpool;Tottenham;1:0;2:2;;1.99;3.78;3.68
05/02/18;Mo.;21:00;Watford;Chelsea;1:0;4:1;;6.40;4.39;1.52
12.KHW
10/02/18;Sa.;13:30;Tottenham;Arsenal;0:0;1:0;;1.92;3.79;3.92
10/02/18;Sa.;16:00;Swansea;Burnley;0:0;1:0;;2.34;3.00;3.59
10/02/18;Sa.;16:00;Stoke;Brighton;0:1;1:1;;2.38;3.21;3.24
10/02/18;Sa.;16:00;Everton;Crystal Palace;0:0;3:1;;2.08;3.27;3.94
10/02/18;Sa.;16:00;West Ham;Watford;1:0;2:0;;2.32;3.33;3.25
10/02/18;Sa.;18:30;Man City;Leicester;1:1;5:1;;1.25;6.37;11.67
11/02/18;So.;13:00;Huddersfield;Bournemouth;2:1;4:1;;3.10;3.27;2.42
11/02/18;So.;15:15;Newcastle;Man Utd;0:0;1:0;;5.76;4.05;1.61
11/02/18;So.;17:30;Southampton;Liverpool;0:2;0:2;;5.03;3.97;1.70
12/02/18;Mo.;21:00;Chelsea;West Bromwich;1:0;3:0;;1.34;5.09;10.05
16.KHW
24/02/18;Sa.;13:30;Leicester;Stoke;0:1;1:1;;1.68;3.93;5.26
24/02/18;Sa.;16:00;Burnley;Southampton;0:0;1:1;;3.40;3.05;2.39
24/02/18;Sa.;16:00;Bournemouth;Newcastle;0:2;2:2;;1.99;3.57;3.90
24/02/18;Sa.;16:00;Brighton;Swansea;1:0;4:1;;2.01;3.19;4.37
24/02/18;Sa.;16:00;Liverpool;West Ham;1:0;4:1;;1.22;6.98;13.13
24/02/18;Sa.;16:00;West Bromwich;Huddersfield;0:0;1:2;;1.88;3.36;4.75
24/02/18;Sa.;18:30;Watford;Everton;0:0;1:0;;2.41;3.24;3.17
25/02/18;So.;13:00;Crystal Palace;Tottenham;0:0;0:1;;9.76;5.52;1.32
25/02/18;So.;15:05;Man Utd;Chelsea;1:1;2:1;;2.37;3.23;3.24
17.KHW
01/03/18;Do.;20:45;Arsenal;Man City;0:3;0:3;;4.55;4.33;1.70
18.KHW
03/03/18;Sa.;13:30;Burnley;Everton;0:1;2:1;;2.58;2.90;3.24
03/03/18;Sa.;16:00;Tottenham;Huddersfield;1:0;2:0;;1.16;8.09;19.90
03/03/18;Sa.;16:00;Swansea;West Ham;2:0;4:1;;2.58;3.04;3.10
03/03/18;Sa.;16:00;Watford;West Bromwich;0:0;1:0;;2.33;3.19;3.35
03/03/18;Sa.;16:00;Southampton;Stoke;0:0;0:0;;1.71;3.72;5.36
03/03/18;Sa.;16:00;Leicester;Bournemouth;0:1;1:1;;1.87;3.69;4.28
03/03/18;Sa.;18:30;Liverpool;Newcastle;1:0;2:0;;1.20;7.34;14.80
04/03/18;So.;14:30;Brighton;Arsenal;2:1;2:1;;4.03;3.67;1.93
04/03/18;So.;17:00;Man City;Chelsea;0:0;1:0;;1.49;4.68;6.39
05/03/18;Mo.;21:00;Crystal Palace;Man Utd;1:0;2:3;;7.62;4.55;1.45
20.KHW
10/03/18;Sa.;13:30;Man Utd;Liverpool;2:0;2:1;;3.12;3.28;2.41
10/03/18;Sa.;16:00;West Bromwich;Leicester;1:1;1:4;;3.31;3.33;2.29
10/03/18;Sa.;16:00;West Ham;Burnley;0:0;0:3;;2.25;3.13;3.64
10/03/18;Sa.;16:00;Everton;Brighton;0:0;2:0;;2.24;3.25;3.50
10/03/18;Sa.;16:00;Huddersfield;Swansea;0:0;0:0;;2.48;3.02;3.26
10/03/18;Sa.;16:00;Newcastle;Southampton;2:0;3:0;;2.60;3.14;2.98
10/03/18;Sa.;18:30;Chelsea;Crystal Palace;2:0;2:1;;1.29;5.69;11.27
11/03/18;So.;14:30;Arsenal;Watford;1:0;3:0;;1.52;4.54;6.13
11/03/18;So.;17:00;Bournemouth;Tottenham;1:1;1:4;;7.02;5.04;1.43
12/03/18;Mo.;21:00;Stoke;Man City;0:1;0:2;;12.65;6.53;1.24
22.KHW
16/03/18;Fr.;21:00;Tottenham;Newcastle;;;v.S.;1.27;6.13;10.85
17/03/18;Sa.;13:30;Burnley;Chelsea;;;v.S.;;;
17/03/18;Sa.;16:00;Bournemouth;West Bromwich;0:0;2:1;;1.76;3.77;4.88
17/03/18;Sa.;16:00;Swansea;Southampton;;;v.S.;;;
17/03/18;Sa.;16:00;Huddersfield;Crystal Palace;0:1;0:2;;2.77;3.13;2.78
17/03/18;Sa.;16:00;Stoke;Everton;0:0;1:2;;2.75;3.21;2.74
17/03/18;Sa.;16:00;Leicester;Arsenal;;;v.S.;;;
17/03/18;Sa.;18:30;Liverpool;Watford;2:0;5:0;;1.16;8.38;17.38
18/03/18;So.;14:30;West Ham;Man Utd;;;v.S.;;;
18/03/18;So.;17:00;Man City;Brighton;;;v.S.;;;
26.KHW
31/03/18;Sa.;13:30;Crystal Palace;Liverpool;1:0;1:2;;6.53;4.72;1.48
31/03/18;Sa.;16:00;Newcastle;Huddersfield;0:0;1:0;;1.75;3.60;5.28
31/03/18;Sa.;16:00;West Ham;Southampton;3:0;3:0;;2.83;3.18;2.69
31/03/18;Sa.;16:00;Watford;Bournemouth;1:1;2:2;;2.23;3.49;3.27
31/03/18;Sa.;16:00;West Bromwich;Burnley;0:1;1:2;;2.58;3.04;3.09
31/03/18;Sa.;16:00;Man Utd;Swansea;2:0;2:0;;1.23;6.21;15.80
31/03/18;Sa.;16:00;Brighton;Leicester;0:0;0:2;;2.69;3.25;2.77
31/03/18;Sa.;18:30;Everton;Man City;0:3;1:3;;9.29;5.33;1.34
01/04/18;So.;14:30;Arsenal;Stoke;0:0;3:0;;1.30;5.92;9.76
01/04/18;So.;17:00;Chelsea;Tottenham;1:1;1:3;;2.27;3.45;3.23
28.KHW
07/04/18;Sa.;13:30;Everton;Liverpool;0:0;0:0;;3.57;3.44;2.13
07/04/18;Sa.;16:00;West Bromwich;Swansea;0:0;1:1;;2.47;3.14;3.16
07/04/18;Sa.;16:00;Watford;Burnley;0:0;1:2;;2.32;3.15;3.44
07/04/18;Sa.;16:00;Leicester;Newcastle;0:1;1:2;;1.86;3.56;4.51
07/04/18;Sa.;16:00;Stoke;Tottenham;0:0;1:2;;11.29;6.12;1.27
07/04/18;Sa.;16:00;Bournemouth;Crystal Palace;0:0;2:2;;2.57;3.52;2.73
07/04/18;Sa.;16:00;Brighton;Huddersfield;1:1;1:1;;1.72;3.57;5.64
07/04/18;Sa.;18:30;Man City;Man Utd;2:0;2:3;;1.84;3.70;4.40
08/04/18;So.;15:15;Arsenal;Southampton;2:1;3:2;;1.77;3.88;4.57
08/04/18;So.;17:30;Chelsea;West Ham;1:0;1:1;;1.28;5.94;11.25
30.KHW
14/04/18;Sa.;13:30;Southampton;Chelsea;1:0;2:3;;4.46;3.75;1.82
14/04/18;Sa.;16:00;Burnley;Leicester;2:0;2:1;;2.60;3.12;2.99
14/04/18;Sa.;16:00;Crystal Palace;Brighton;3:2;3:2;;1.83;3.49;4.80
14/04/18;Sa.;16:00;Huddersfield;Watford;0:0;1:0;;2.54;3.15;3.03
14/04/18;Sa.;16:00;Swansea;Everton;0:1;1:1;;2.74;3.10;2.84
14/04/18;Sa.;18:30;Liverpool;Bournemouth;1:0;3:0;;1.24;6.92;11.61
14/04/18;Sa.;20:45;Tottenham;Man City;1:2;1:3;;2.73;3.65;2.50
15/04/18;So.;14:30;Newcastle;Arsenal;1:1;2:1;;2.86;3.50;2.48
15/04/18;So.;17:00;Man Utd;West Bromwich;0:0;0:1;;1.20;6.97;16.53
16/04/18;Mo.;21:00;West Ham;Stoke;0:0;1:1;;1.98;3.47;4.07
31.KHW
17/04/18;Di.;20:45;Brighton;Tottenham;0:0;1:1;;5.82;4.25;1.58
18/04/18;Mi.;20:45;Bournemouth;Man Utd;0:1;0:2;;4.33;3.86;1.82
19/04/18;Do.;20:45;Leicester;Southampton;0:0;0:0;;2.42;3.46;2.96
19/04/18;Do.;20:45;Burnley;Chelsea;0:1;1:2;;4.38;3.50;1.90
32.KHW
20/04/18;Fr.;21:00;Brighton;Tottenham;;;v.S.;;;
21/04/18;Sa.;13:30;West Bromwich;Liverpool;0:1;2:2;;5.99;4.06;1.60
21/04/18;Sa.;16:00;Chelsea;Huddersfield;;;v.S.;;;
21/04/18;Sa.;16:00;Watford;Crystal Palace;0:0;0:0;;3.01;3.33;2.46
21/04/18;Sa.;16:00;Leicester;Southampton;;;v.S.;;;
21/04/18;Sa.;18:30;Bournemouth;Man Utd;;;v.S.;;;
22/04/18;So.;14:30;Stoke;Burnley;1:0;1:1;;2.23;3.29;3.46
22/04/18;So.;14:30;Arsenal;West Ham;0:0;4:1;;1.53;4.51;5.99
22/04/18;So.;17:30;Man City;Swansea;2:0;5:0;;1.13;9.24;20.65
23/04/18;Mo.;21:00;Everton;Newcastle;0:0;1:0;;2.15;3.32;3.66
34.KHW
28/04/18;Sa.;13:30;Liverpool;Stoke;0:0;0:0;;1.28;5.88;11.18
28/04/18;Sa.;16:00;Burnley;Brighton;0:0;0:0;;2.31;3.09;3.51
28/04/18;Sa.;16:00;Huddersfield;Everton;0:1;0:2;;2.71;2.98;2.97
28/04/18;Sa.;16:00;Southampton;Bournemouth;1:1;2:1;;1.66;4.17;5.05
28/04/18;Sa.;16:00;Crystal Palace;Leicester;2:0;5:0;;2.05;3.54;3.70
28/04/18;Sa.;16:00;Newcastle;West Bromwich;0:1;0:1;;1.97;3.33;4.30
28/04/18;Sa.;18:30;Swansea;Chelsea;0:1;0:1;;7.70;4.77;1.43
29/04/18;So.;15:15;West Ham;Man City;1:2;1:4;;9.02;5.78;1.32
29/04/18;So.;17:30;Man Utd;Arsenal;1:0;2:1;;1.38;5.29;7.78
30/04/18;Mo.;21:00;Tottenham;Watford;1:0;2:0;;1.17;7.97;16.01
36.KHW
04/05/18;Fr.;21:00;Brighton;Man Utd;0:0;1:0;;4.57;3.48;1.87
05/05/18;Sa.;13:30;Stoke;Crystal Palace;1:0;1:2;;2.54;3.41;2.83
05/05/18;Sa.;16:00;Bournemouth;Swansea;1:0;1:0;;1.98;3.57;3.91
05/05/18;Sa.;16:00;Leicester;West Ham;0:1;0:2;;2.19;3.52;3.35
05/05/18;Sa.;16:00;West Bromwich;Tottenham;0:0;1:0;;6.91;4.53;1.48
05/05/18;Sa.;16:00;Watford;Newcastle;2:0;2:1;;2.15;3.29;3.69
05/05/18;Sa.;18:30;Everton;Southampton;0:0;1:1;;2.83;3.24;2.65
06/05/18;So.;14:30;Man City;Huddersfield;0:0;0:0;;1.07;12.50;33.59
06/05/18;So.;17:30;Arsenal;Burnley;2:0;5:0;;1.39;5.12;7.85
06/05/18;So.;17:30;Chelsea;Liverpool;1:0;1:0;;2.17;3.65;3.28
37.KHW
08/05/18;Di.;20:45;Swansea;Southampton;0:0;0:1;;3.32;3.18;2.36
09/05/18;Mi.;20:45;Leicester;Arsenal;1:0;3:1;;3.68;3.94;1.94
09/05/18;Mi.;20:45;Chelsea;Huddersfield;0:0;1:1;;1.26;5.70;13.52
09/05/18;Mi.;21:00;Tottenham;Newcastle;0:0;1:0;;1.22;6.93;13.17
09/05/18;Mi.;21:00;Man City;Brighton;2:1;3:1;;1.21;7.44;12.86
10/05/18;Do.;20:45;West Ham;Man Utd;0:0;0:0;;4.51;3.76;1.81
38.KHW
13/05/18;So.;16:00;Huddersfield;Arsenal;0:1;0:1;;5.49;4.75;1.54
13/05/18;So.;16:00;Burnley;Bournemouth;1:0;1:2;;2.33;3.49;3.09
13/05/18;So.;16:00;Crystal Palace;West Bromwich;0:0;2:0;;1.77;3.91;4.54
13/05/18;So.;16:00;Man Utd;Watford;1:0;1:0;;1.54;4.38;6.10
13/05/18;So.;16:00;Liverpool;Brighton;2:0;4:0;;1.23;7.15;11.48
13/05/18;So.;16:00;Southampton;Man City;0:0;0:1;;5.70;4.53;1.55
13/05/18;So.;16:00;Swansea;Stoke;1:2;1:2;;2.02;3.58;3.75
13/05/18;So.;16:00;Newcastle;Chelsea;1:0;3:0;;4.45;3.93;1.78
13/05/18;So.;16:00;Tottenham;Leicester;1:2;5:4;;1.38;5.63;7.20
13/05/18;So.;16:00;West Ham;Everton;1:0;3:1;;2.32;3.46;3.12

Info:;Europa/England/Premier League 2017
Kürzeln:;u.U. = unbestimmte Uhrzeit
;v.S. = verschobenes Spiel
;f.E. = festgelegtes Ergebnis
;f.H. = festgelegter Heimsieg
;f.A. = festgelegter Auswärtssieg
;n.V. = nach Verlängerung
;n.E. = nach Elfmeterschießen
;KHW = Kalenderhalbwoche
